country,year,current_account_pct_gdp,gdp_growth,govt_debt_pct_gdp,inflation_pct,unemployment_pct
Bangladesh,2000,-0.546,5.293,,3.623,
Bangladesh,2001,-1.628,5.077,,1.812,
Bangladesh,2002,0.241,3.833,,2.407,
Bangladesh,2003,0.245,4.74,37.044,3.881,
Bangladesh,2004,0.228,5.24,36.585,8.139,
Bangladesh,2005,-0.7,6.536,35.558,6.486,
Bangladesh,2006,0.665,6.672,35.332,7.163,
Bangladesh,2007,1.003,7.059,34.989,7.205,
Bangladesh,2008,0.253,6.014,33.87,9.937,
Bangladesh,2009,1.699,5.045,33.01,6.655,
Bangladesh,2010,2.346,5.572,29.623,7.316,
Bangladesh,2011,-1.445,6.464,29.393,8.787,
Bangladesh,2012,-0.28,6.521,29.078,8.889,
Bangladesh,2013,1.329,6.014,28.344,6.777,
Bangladesh,2014,0.679,6.061,28.683,7.349,
Bangladesh,2015,1.23,6.553,28.206,6.405,
Bangladesh,2016,1.607,7.114,27.72,5.916,
Bangladesh,2017,-0.453,6.59,28.306,5.44,
Bangladesh,2018,-2.977,7.319,29.553,5.783,
Bangladesh,2019,-1.278,7.882,31.951,5.475,
Bangladesh,2020,-1.454,3.448,34.509,5.648,
Bangladesh,2021,-1.099,6.939,35.614,5.558,
Bangladesh,2022,-3.954,7.1,37.863,6.15,
Bangladesh,2023,-2.576,5.775,39.726,9.016,
Bangladesh,2024,-1.446,4.223,40.972,9.728,
Brunei Darussalam,2000,45.089,10.964,,1.558,
Brunei Darussalam,2001,31.441,1.466,,0.596,
Brunei Darussalam,2002,27.116,3.961,,-2.315,
Brunei Darussalam,2003,34.188,3.583,,0.3,
Brunei Darussalam,2004,33.042,0.105,,0.814,
Brunei Darussalam,2005,38.183,-0.004,,1.244,
Brunei Darussalam,2006,41.145,4.098,0.594,0.16,
Brunei Darussalam,2007,35.579,-3.764,0.685,0.968,
Brunei Darussalam,2008,43.508,-3.901,0.942,2.085,
Brunei Darussalam,2009,33.445,-1.9,1.11,1.036,
Brunei Darussalam,2010,36.586,2.743,1.113,0.285,
Brunei Darussalam,2011,34.713,3.744,2.129,0.138,9.3
Brunei Darussalam,2012,29.835,0.913,2.101,0.112,8.495
Brunei Darussalam,2013,20.881,-2.125,2.209,0.383,7.702
Brunei Darussalam,2014,30.718,-2.508,3.231,-0.201,6.9
Brunei Darussalam,2015,16.675,-0.392,2.953,-0.463,7.647
Brunei Darussalam,2016,12.891,-2.478,3.005,-0.279,8.342
Brunei Darussalam,2017,16.36,1.329,2.582,-1.261,9.0
Brunei Darussalam,2018,6.93,0.052,1.899,0.919,7.7
Brunei Darussalam,2019,6.634,3.869,1.821,-0.285,6.7
Brunei Darussalam,2020,4.278,1.134,2.158,1.937,7.3
Brunei Darussalam,2021,11.137,-1.591,1.434,1.736,4.9
Brunei Darussalam,2022,19.513,-1.628,1.326,3.683,5.2
Brunei Darussalam,2023,12.874,1.128,1.672,0.357,5.2
Brunei Darussalam,2024,14.54,4.053,1.568,-0.389,4.8
Cambodia,2000,-2.545,10.712,34.128,-0.826,
Cambodia,2001,-0.935,5.541,33.633,-0.117,
Cambodia,2002,-2.153,8.658,37.753,-0.036,
Cambodia,2003,-3.273,7.948,39.634,1.027,
Cambodia,2004,-1.936,8.256,38.101,3.925,
Cambodia,2005,-3.364,14.118,31.285,6.349,
Cambodia,2006,-0.56,10.858,26.627,6.143,
Cambodia,2007,-1.421,9.804,25.292,7.668,
Cambodia,2008,-5.57,9.042,22.711,24.997,
Cambodia,2009,-8.05,5.295,23.111,-0.662,
Cambodia,2010,-7.236,5.267,23.531,3.996,
Cambodia,2011,-6.531,8.77,23.738,5.478,
Cambodia,2012,-6.961,9.115,24.962,2.934,
Cambodia,2013,-7.121,7.832,24.555,2.942,
Cambodia,2014,-7.213,5.84,24.026,3.856,
Cambodia,2015,-7.288,6.834,23.396,1.221,
Cambodia,2016,-6.867,7.357,22.025,3.022,
Cambodia,2017,-6.51,7.58,22.853,2.913,
Cambodia,2018,-8.99,8.731,21.308,2.46,
Cambodia,2019,-8.347,7.883,21.242,1.942,
Cambodia,2020,-0.98,-2.958,25.52,2.94,
Cambodia,2021,-30.097,2.904,26.391,2.921,
Cambodia,2022,-19.189,5.503,25.283,5.339,
Cambodia,2023,1.308,5.007,26.278,2.132,
Cambodia,2024,0.495,6.02,26.138,0.802,
"China, People's Republic of",2000,1.674,8.572,22.708,0.352,
"China, People's Republic of",2001,1.288,8.319,24.252,0.724,
"China, People's Republic of",2002,2.383,9.214,25.553,-0.766,
"China, People's Republic of",2003,2.561,10.121,26.418,1.162,
"China, People's Republic of",2004,3.484,10.115,26.0,3.893,
"China, People's Republic of",2005,5.69,11.437,25.91,1.809,
"China, People's Republic of",2006,8.284,12.665,25.174,1.467,
"China, People's Republic of",2007,9.774,14.154,28.708,4.774,
"China, People's Republic of",2008,9.034,9.638,26.715,5.845,
"China, People's Republic of",2009,4.699,9.445,33.985,-0.692,
"China, People's Republic of",2010,3.874,10.587,33.343,3.33,
"China, People's Republic of",2011,1.784,9.451,33.184,5.416,
"China, People's Republic of",2012,2.481,7.848,33.825,2.621,
"China, People's Republic of",2013,1.514,7.771,36.438,2.625,
"China, People's Republic of",2014,2.206,7.491,39.308,1.995,
"China, People's Republic of",2015,2.592,7.018,40.782,1.442,
"China, People's Republic of",2016,1.671,6.776,50.033,1.996,
"China, People's Republic of",2017,1.507,6.891,53.891,1.579,5.0
"China, People's Republic of",2018,0.171,6.759,55.875,2.092,4.93
"China, People's Republic of",2019,0.705,6.065,59.838,2.905,5.15
"China, People's Republic of",2020,1.647,2.337,70.134,2.49,5.617
"China, People's Republic of",2021,1.941,8.556,72.131,0.919,5.117
"China, People's Republic of",2022,2.418,3.112,77.294,1.976,5.583
"China, People's Republic of",2023,1.434,5.377,84.084,0.228,5.217
"China, People's Republic of",2024,2.238,5.003,90.421,0.212,5.117
India,2000,-0.569,3.841,74.941,3.817,
India,2001,0.7,4.824,80.11,4.441,
India,2002,1.232,3.804,84.304,4.993,
India,2003,2.317,7.86,85.883,4.107,
India,2004,-0.348,7.923,84.89,3.996,
India,2005,-1.207,7.923,82.378,3.674,
India,2006,-1.017,8.061,77.893,6.738,
India,2007,-1.293,7.661,75.414,5.918,
India,2008,-2.328,3.087,74.341,9.211,
India,2009,-2.864,7.862,72.735,10.605,
India,2010,-2.857,8.498,67.675,9.37,
India,2011,-4.29,5.241,68.699,8.116,
India,2012,-4.819,5.456,68.146,10.037,
India,2013,-1.746,6.386,68.018,9.81,
India,2014,-1.324,7.41,67.642,5.936,
India,2015,-1.061,7.996,69.755,4.885,
India,2016,-0.634,8.256,69.815,4.518,
India,2017,-1.865,6.795,70.776,3.606,
India,2018,-2.155,6.454,71.683,3.387,8.901
India,2019,-0.884,3.871,76.665,4.806,7.484
India,2020,0.919,-5.778,90.562,6.154,8.662
India,2021,-1.254,9.69,85.713,5.512,7.365
India,2022,-2.061,7.609,84.598,6.634,5.3
India,2023,-0.744,7.21,85.01,5.37,4.939
India,2024,-0.61,7.099,84.782,4.639,4.939
Indonesia,2000,4.452,4.979,87.437,3.688,6.08
Indonesia,2001,3.954,3.643,73.702,11.466,8.1
Indonesia,2002,3.676,4.499,62.339,11.908,9.06
Indonesia,2003,3.175,4.78,55.643,6.791,9.67
Indonesia,2004,1.882,5.031,51.328,6.062,9.86
Indonesia,2005,0.513,5.693,42.612,10.464,11.24
Indonesia,2006,2.406,5.501,35.848,13.099,10.28
Indonesia,2007,1.446,6.345,38.121,6.319,9.11
Indonesia,2008,0.022,7.442,30.252,9.871,8.39
Indonesia,2009,1.837,4.702,26.483,4.804,7.87
Indonesia,2010,0.702,6.378,26.363,5.137,7.14
Indonesia,2011,0.189,6.17,23.106,5.345,6.56
Indonesia,2012,-2.66,6.03,22.955,3.979,6.14
Indonesia,2013,-3.19,5.557,24.884,6.41,6.25
Indonesia,2014,-3.146,5.007,24.645,6.399,5.94
Indonesia,2015,-2.035,4.876,27.013,6.36,6.18
Indonesia,2016,-1.819,5.033,27.955,3.53,5.61
Indonesia,2017,-1.595,5.07,29.396,3.807,5.5
Indonesia,2018,-2.939,5.174,30.423,3.291,5.34
Indonesia,2019,-2.706,5.019,30.563,2.822,5.28
Indonesia,2020,-0.419,-2.066,39.747,2.031,7.07
Indonesia,2021,0.296,3.703,41.14,1.561,6.49
Indonesia,2022,1.002,5.307,40.141,4.139,5.86
Indonesia,2023,-0.149,5.049,39.601,3.713,5.32
Indonesia,2024,-0.615,5.033,40.165,2.3,4.91
Lao People's Democratic Republic,2000,1.459,6.429,,8.369,
Lao People's Democratic Republic,2001,-12.26,4.772,94.725,7.809,
Lao People's Democratic Republic,2002,-9.34,6.809,95.308,10.633,
Lao People's Democratic Republic,2003,-11.589,6.179,90.148,15.489,
Lao People's Democratic Republic,2004,-13.873,7.187,80.653,10.467,
Lao People's Democratic Republic,2005,-15.668,6.94,73.203,7.167,
Lao People's Democratic Republic,2006,-9.264,8.954,60.007,6.546,
Lao People's Democratic Republic,2007,-10.386,7.851,55.93,4.662,
Lao People's Democratic Republic,2008,-15.608,7.822,51.723,7.629,
Lao People's Democratic Republic,2009,-17.769,7.373,51.823,0.141,
Lao People's Democratic Republic,2010,-16.482,8.018,49.315,5.983,
Lao People's Democratic Republic,2011,-15.264,7.986,43.005,7.569,
Lao People's Democratic Republic,2012,-7.337,7.805,46.103,4.255,
Lao People's Democratic Republic,2013,-7.834,8.026,49.493,6.371,
Lao People's Democratic Republic,2014,-14.507,7.612,53.534,4.129,
Lao People's Democratic Republic,2015,-15.727,7.27,53.052,1.277,
Lao People's Democratic Republic,2016,-8.708,7.023,54.474,1.597,
Lao People's Democratic Republic,2017,-7.387,6.892,57.198,0.825,
Lao People's Democratic Republic,2018,-9.095,6.248,60.588,2.04,
Lao People's Democratic Republic,2019,-7.03,4.652,69.129,3.323,
Lao People's Democratic Republic,2020,-1.645,-0.435,75.42,5.104,
Lao People's Democratic Republic,2021,2.329,2.061,92.207,3.754,
Lao People's Democratic Republic,2022,-3.034,2.252,115.72,22.959,
Lao People's Democratic Republic,2023,2.698,3.658,108.885,31.23,
Lao People's Democratic Republic,2024,4.339,4.299,94.682,23.132,
Malaysia,2000,8.309,8.671,32.518,1.551,3.1
Malaysia,2001,7.211,0.518,38.065,1.427,3.675
Malaysia,2002,6.546,5.391,39.532,1.793,3.475
Malaysia,2003,11.149,5.789,41.393,1.074,3.6
Malaysia,2004,11.099,6.783,41.96,1.42,3.55
Malaysia,2005,13.764,4.976,40.778,3.039,3.55
Malaysia,2006,15.362,5.584,39.662,3.621,3.325
Malaysia,2007,14.663,6.299,39.348,2.027,3.225
Malaysia,2008,16.295,4.832,39.361,5.429,3.325
Malaysia,2009,14.829,-1.514,50.408,0.597,3.675
Malaysia,2010,9.941,7.528,51.212,1.72,3.3
Malaysia,2011,10.741,5.293,51.898,3.183,3.05
Malaysia,2012,5.094,5.474,53.788,1.655,3.025
Malaysia,2013,3.435,4.694,55.656,2.105,3.1
Malaysia,2014,4.327,6.007,55.373,3.143,2.875
Malaysia,2015,2.987,5.007,56.971,2.104,3.15
Malaysia,2016,2.393,4.45,55.787,2.076,3.45
Malaysia,2017,2.791,5.813,54.395,3.799,3.425
Malaysia,2018,2.231,4.843,55.646,0.969,3.325
Malaysia,2019,3.498,4.413,57.083,0.663,3.275
Malaysia,2020,4.166,-5.457,67.693,-1.139,4.525
Malaysia,2021,3.886,3.315,69.162,2.477,4.65
Malaysia,2022,3.188,9.032,65.464,3.379,3.825
Malaysia,2023,1.099,3.537,69.712,2.489,3.425
Malaysia,2024,1.434,5.105,69.839,1.834,3.225
Myanmar,2000,-8.264,12.418,164.48,4.254,
Myanmar,2001,-6.858,12.468,261.993,-19.791,
Myanmar,2002,-1.59,9.928,190.64,21.916,
Myanmar,2003,1.192,13.196,146.029,47.469,
Myanmar,2004,2.27,15.318,126.59,8.005,
Myanmar,2005,5.245,13.567,118.964,6.886,
Myanmar,2006,7.323,13.307,103.101,16.551,
Myanmar,2007,2.749,12.5,77.365,34.437,
Myanmar,2008,-3.166,7.558,59.813,20.911,
Myanmar,2009,-3.08,4.385,56.42,3.692,
Myanmar,2010,4.766,5.247,54.39,5.924,
Myanmar,2011,-1.904,5.471,49.937,6.829,
Myanmar,2012,-1.835,6.486,47.98,0.36,
Myanmar,2013,-1.197,7.899,44.846,6.382,
Myanmar,2014,-3.408,8.2,34.483,5.739,
Myanmar,2015,-5.414,5.862,36.603,10.044,
Myanmar,2016,-5.141,6.759,35.701,6.767,
Myanmar,2017,-3.824,6.136,41.878,4.035,
Myanmar,2018,-2.682,6.277,39.916,7.279,
Myanmar,2019,-1.809,6.562,37.625,9.074,
Myanmar,2020,-0.385,-9.032,49.1,2.3,
Myanmar,2021,-2.816,-11.995,63.391,9.6,
Myanmar,2022,-3.512,4.017,55.954,27.2,
Myanmar,2023,-2.862,0.997,53.175,27.6,
Myanmar,2024,3.141,-0.972,50.643,29.6,
Nepal,2000,5.593,6.116,50.788,3.393,
Nepal,2001,6.705,5.629,50.766,2.435,
Nepal,2002,3.403,0.12,51.815,2.896,
Nepal,2003,2.125,3.945,52.974,4.743,
Nepal,2004,2.368,4.683,51.324,3.963,
Nepal,2005,1.751,3.479,45.133,4.539,
Nepal,2006,1.865,3.365,42.869,7.963,
Nepal,2007,-0.117,3.412,37.885,6.203,
Nepal,2008,2.403,6.105,36.757,6.677,
Nepal,2009,3.655,4.533,39.462,12.624,
Nepal,2010,-2.071,4.816,35.391,9.565,
Nepal,2011,-0.834,3.422,32.425,9.566,
Nepal,2012,4.188,4.67,34.515,8.305,
Nepal,2013,2.864,3.525,31.899,9.873,
Nepal,2014,3.998,6.011,27.551,9.039,
Nepal,2015,4.381,3.976,25.73,7.834,
Nepal,2016,5.459,0.433,24.957,9.924,
Nepal,2017,-0.323,8.977,24.989,4.497,
Nepal,2018,-7.098,7.622,31.088,4.13,
Nepal,2019,-6.929,6.657,34.03,4.624,
Nepal,2020,-1.013,-2.37,43.307,6.148,
Nepal,2021,-7.701,4.838,43.285,3.579,
Nepal,2022,-12.564,5.631,42.73,6.371,
Nepal,2023,-0.879,1.983,46.962,7.73,
Nepal,2024,3.874,3.665,48.333,5.423,
Philippines,2000,-2.663,4.383,59.203,6.545,11.175
Philippines,2001,-2.217,3.049,59.471,5.396,11.125
Philippines,2002,-0.334,3.716,65.184,2.757,11.4
Philippines,2003,0.327,5.087,71.393,2.223,11.4
Philippines,2004,1.71,6.569,71.082,4.799,11.825
Philippines,2005,1.853,4.942,64.674,6.64,11.35
Philippines,2006,5.455,5.316,57.189,5.448,7.95
Philippines,2007,5.175,6.519,50.168,2.914,7.325
Philippines,2008,0.08,4.344,50.01,8.211,7.4
Philippines,2009,4.797,1.448,49.805,4.24,7.475
Philippines,2010,3.445,7.335,47.587,3.738,7.325
Philippines,2011,2.409,3.858,45.434,4.745,7.025
Philippines,2012,2.653,6.897,45.691,3.158,6.975
Philippines,2013,4.01,6.751,43.863,2.592,7.075
Philippines,2014,3.616,6.348,40.299,3.594,6.8
Philippines,2015,2.371,6.348,39.688,0.69,6.275
Philippines,2016,-0.376,7.149,37.376,1.234,5.475
Philippines,2017,-0.652,6.931,38.13,2.853,5.725
Philippines,2018,-2.559,6.341,37.147,5.31,5.325
Philippines,2019,-0.809,6.119,36.973,2.392,5.1
Philippines,2020,3.201,-9.518,51.644,2.393,10.4
Philippines,2021,-1.508,5.715,57.005,3.927,7.792
Philippines,2022,-4.516,7.581,57.389,5.821,5.4
Philippines,2023,-2.834,5.519,56.484,5.978,4.358
Philippines,2024,-4.022,5.692,56.627,3.213,3.817
Singapore,2000,11.072,9.038,82.256,1.348,2.675
Singapore,2001,14.433,-1.071,94.471,1.015,2.65
Singapore,2002,14.877,3.923,96.31,-0.392,3.55
Singapore,2003,24.302,4.548,99.131,0.487,3.95
Singapore,2004,19.311,9.94,95.691,1.672,3.35
Singapore,2005,23.26,7.366,92.663,0.473,3.125
Singapore,2006,26.893,9.007,86.524,0.966,2.65
Singapore,2007,27.143,9.022,87.789,2.11,2.125
Singapore,2008,15.083,1.863,97.853,6.635,2.225
Singapore,2009,16.393,0.128,101.689,0.589,3.025
Singapore,2010,22.933,14.52,98.674,2.829,2.175
Singapore,2011,22.218,6.215,103.13,5.251,2.025
Singapore,2012,17.643,4.435,106.725,4.581,1.95
Singapore,2013,15.707,4.818,98.185,2.364,1.9
Singapore,2014,17.95,3.936,97.749,1.033,1.95
Singapore,2015,18.693,2.977,102.101,-0.522,1.9
Singapore,2016,18.027,3.911,105.909,-0.53,2.075
Singapore,2017,18.489,4.327,107.285,0.577,2.175
Singapore,2018,15.676,3.187,109.188,0.439,2.1
Singapore,2019,15.454,1.159,127.682,0.568,2.25
Singapore,2020,17.698,-3.611,147.115,-0.172,3.0
Singapore,2021,19.253,10.141,139.934,2.316,2.65
Singapore,2022,18.923,4.01,153.338,6.131,2.1
Singapore,2023,16.392,1.45,170.433,4.834,1.925
Singapore,2024,17.201,5.344,166.039,2.39,1.95
Sri Lanka,2000,-5.329,8.418,79.202,6.176,7.573
Sri Lanka,2001,-0.932,-1.948,84.364,14.158,7.9
Sri Lanka,2002,-1.166,3.727,96.301,9.551,8.8
Sri Lanka,2003,-0.329,5.94,86.45,8.969,8.4
Sri Lanka,2004,-2.654,5.445,86.499,9.014,8.3
Sri Lanka,2005,-2.097,6.242,76.589,11.009,7.7
Sri Lanka,2006,-4.484,7.668,74.29,9.939,6.6
Sri Lanka,2007,-3.66,6.797,71.849,15.895,6.2
Sri Lanka,2008,-8.063,5.95,68.782,22.356,6.0
Sri Lanka,2009,-0.432,3.539,72.75,3.503,5.9
Sri Lanka,2010,-1.833,8.016,68.731,6.214,5.0
Sri Lanka,2011,-6.814,8.669,69.428,6.73,4.1
Sri Lanka,2012,-5.658,8.632,67.504,7.547,4.0
Sri Lanka,2013,-3.302,4.052,69.457,6.884,4.4
Sri Lanka,2014,-2.41,6.378,69.561,2.784,4.3
Sri Lanka,2015,-2.212,4.206,76.334,2.224,4.7
Sri Lanka,2016,-1.982,5.054,75.0,3.985,4.4
Sri Lanka,2017,-2.447,6.461,72.26,6.58,4.2
Sri Lanka,2018,-2.963,2.31,83.585,4.273,4.4
Sri Lanka,2019,-2.071,-0.22,82.594,4.304,4.8
Sri Lanka,2020,-1.406,-4.625,96.881,4.569,5.5
Sri Lanka,2021,-3.707,4.207,102.669,5.954,5.1
Sri Lanka,2022,-1.959,-7.349,115.942,45.214,4.7
Sri Lanka,2023,1.719,-2.33,110.376,17.365,4.7
Sri Lanka,2024,1.219,5.009,100.84,1.242,4.4
Thailand,2000,7.368,4.455,57.826,1.697,3.6
Thailand,2001,4.24,3.444,57.532,1.612,3.3
Thailand,2002,3.466,6.149,54.901,0.659,2.4
Thailand,2003,3.134,7.189,47.5,1.818,2.2
Thailand,2004,1.596,6.289,46.267,2.809,2.1
Thailand,2005,-4.036,4.188,45.462,4.467,1.9
Thailand,2006,1.044,4.968,39.177,4.714,1.5
Thailand,2007,5.927,5.435,35.985,2.163,1.4
Thailand,2008,0.319,1.726,34.946,5.486,1.4
Thailand,2009,7.877,-0.691,42.364,-0.869,1.5
Thailand,2010,3.367,7.513,39.831,3.3,1.0
Thailand,2011,2.542,0.84,39.116,3.811,0.7
Thailand,2012,-1.232,7.243,41.929,3.009,0.7
Thailand,2013,-2.102,2.687,42.191,2.186,0.7
Thailand,2014,2.858,0.984,43.334,1.895,0.8
Thailand,2015,6.916,3.134,42.559,-0.898,0.9
Thailand,2016,10.508,3.435,41.745,0.186,1.0
Thailand,2017,9.631,4.178,41.777,0.664,1.2
Thailand,2018,5.62,4.223,41.941,1.067,1.1
Thailand,2019,7.049,2.115,41.063,0.706,1.0
Thailand,2020,4.144,-6.093,49.434,-0.846,1.7
Thailand,2021,-2.142,1.553,58.367,1.231,1.9
Thailand,2022,-3.429,2.685,60.548,6.076,1.3
Thailand,2023,1.64,2.24,62.236,1.229,1.0
Thailand,2024,2.195,2.945,62.913,0.398,1.0
Vietnam,2000,2.147,6.787,24.755,-1.768,6.42
Vietnam,2001,2.228,6.895,25.42,-0.31,6.28
Vietnam,2002,-1.407,7.08,27.711,4.079,6.01
Vietnam,2003,-3.844,7.341,29.835,3.303,5.78
Vietnam,2004,-2.53,7.789,29.363,7.895,5.6
Vietnam,2005,-0.765,7.547,28.669,8.394,5.31
Vietnam,2006,-0.194,6.978,30.248,7.503,4.82
Vietnam,2007,-7.104,7.129,32.21,8.349,4.64
Vietnam,2008,-8.646,5.662,31.045,23.115,2.38
Vietnam,2009,-5.122,5.398,36.17,6.717,2.9
Vietnam,2010,-2.984,6.423,37.287,10.524,2.88
Vietnam,2011,0.136,6.413,36.185,18.678,2.22
Vietnam,2012,4.748,5.505,38.33,9.103,1.96
Vietnam,2013,3.64,5.554,41.413,6.595,2.18
Vietnam,2014,3.7,6.422,43.643,4.085,2.1
Vietnam,2015,-0.861,6.987,46.117,0.631,2.33
Vietnam,2016,0.248,6.69,47.88,2.668,2.3
Vietnam,2017,-0.596,6.94,46.621,3.521,2.24
Vietnam,2018,1.895,7.465,43.798,3.54,2.19
Vietnam,2019,3.76,7.359,40.993,2.796,2.17
Vietnam,2020,4.349,2.865,41.319,3.221,2.48
Vietnam,2021,-2.202,2.554,39.237,1.835,3.2
Vietnam,2022,0.341,8.538,34.923,3.157,2.32
Vietnam,2023,6.372,5.065,34.257,3.253,2.3
Vietnam,2024,6.613,6.952,31.163,3.621,2.2
