country,year,consumption_growth,fdi_pct_gdp,gdp_growth,gni_per_capita,inflation_pct,internet_users_pct,investment_pct_gdp,population,urbanization_pct
Bangladesh,2000,4.97514145672213,0.525362089236087,5.29329471892532,410.0,2.20825620937535,0.0710394230507683,23.8085625731369,134544304.0,23.3145114975244
Bangladesh,2001,4.1326448730987,0.145443904569924,5.07728777526728,420.0,2.0071737421384,0.129807973947512,24.1743067306933,136805810.0,23.6999214768623
Bangladesh,2002,1.05718616225225,0.0955793676464671,3.83312393993225,420.0,3.33256493271913,0.13992028850905,24.3414161366729,138933658.0,24.1132383547332
Bangladesh,2003,4.05170483223765,0.44596078329809,4.73956739963045,440.0,5.66870773441476,0.163877665498048,24.6791888612834,140970351.0,24.5525557512625
Bangladesh,2004,5.9694585989515,0.689472335587339,5.23953291029852,490.0,7.5875363850469,0.199036333744363,24.9918339447004,142902856.0,25.0094809886101
Bangladesh,2005,6.73179805267262,1.17065167448603,6.53594493875502,530.0,7.04661816222039,0.241600007,25.8304355145863,144715786.0,25.4769540701509
Bangladesh,2006,7.04764870374075,0.635863899506714,6.67190498576788,550.0,6.76526117054757,1.0,26.1441457474299,146405973.0,25.9479149992596
Bangladesh,2007,7.43389508483612,0.817756922700044,7.05859935449848,580.0,9.10698496905383,1.799999952,26.1784970672047,147989278.0,26.415303779311
Bangladesh,2008,3.98028502621422,1.4496579161576,6.01378975738535,640.0,8.90194489465154,2.5,26.2022714003991,149474264.0,26.87206041368
Bangladesh,2009,2.29173847305167,0.879517142536145,5.04512479919337,700.0,5.42347236174679,3.099999905,26.2060570157536,150873714.0,27.3111249057412
Bangladesh,2010,4.60402990246686,1.06896766308322,5.57178818533122,780.0,8.12667639169917,3.700000048,26.2466561760577,152201981.0,27.7254372588696
Bangladesh,2011,6.49167883530669,0.983399364184761,6.46437912497728,870.0,11.3951651552399,4.5,27.4209733686034,153591076.0,28.1100162712427
Bangladesh,2012,4.11426076415098,1.18850391920183,6.52145877906443,950.0,6.21750422069284,5.0,28.2623350097187,155070101.0,28.4787972894576
Bangladesh,2013,5.12741356121165,1.73532012481503,6.01360565834344,1010.0,7.53040640913172,6.63,28.3896207536466,156532141.0,28.8407036106763
Bangladesh,2014,4.00558737885358,1.46870305074204,6.0610593588495,1080.0,6.99163889220849,9.052900314,28.5778757115563,157964929.0,29.1944442321013
Bangladesh,2015,5.81712963518122,1.4507824552936,6.55263987816197,1200.0,6.19428022984984,12.36880016,28.886689247008,159383179.0,29.5395099477892
Bangladesh,2016,3.00225514741371,0.879528340271998,7.11347821270093,1400.0,5.51352572692995,16.89909935,30.2397639179985,160811932.0,29.8753915517965
Bangladesh,2017,6.26914013986595,0.616341784631384,6.59024999794057,1640.0,5.70207015717239,21.5,30.9468731155675,162186147.0,30.2015798381799
Bangladesh,2018,9.41322073679952,0.75354913412869,7.31941263014136,2020.0,5.54362139486476,25.56509972,31.8225747704431,163523103.0,30.5175656009959
Bangladesh,2019,4.85541960909408,0.543244141585063,7.88191515117722,2220.0,5.59199639930629,30.38310051,32.2137331126266,164913055.0,30.8228396343012
Bangladesh,2020,2.99679985599855,0.407859894856915,3.44801755122445,2320.0,5.69107474746211,36.10910034,31.3079413414304,166298024.0,31.1168927321524
Bangladesh,2021,8.01546441881831,0.414118154040593,6.93867912442445,2600.0,5.54565430773473,38.91744466,31.0187387357172,167658854.0,31.3992156886061
Bangladesh,2022,7.47651676918338,0.347960024540439,7.09982877575158,2850.0,7.69695437176898,41.61650085,32.047275580905,169384897.0,31.673734726234
Bangladesh,2023,1.98496630183718,0.335721505298968,5.77511237007889,2880.0,9.8835030377921,44.50274195,30.9512000834944,171466990.0,32.1578465036834
Bangladesh,2024,5.99125561844593,0.283870773350074,4.22325911250161,2820.0,10.4657482763412,53.42171316,30.7004900245244,173562364.0,32.6783196323307
Brunei,2000,-6.98893844109685,8.36413523538418,3.47467627672586,19390.0,1.55815247634946,8.99628453448726,18.7374704379378,326424.0,71.2246805488418
Brunei,2001,4.20397476367202,0.995621601100516,1.4660608198711,19270.0,0.59589041095899,12.9177690823013,20.8703202916699,333345.0,71.657883335906
Brunei,2002,0.70974593413375,3.62654271526088,3.9614389000248,18960.0,-2.31497242459321,15.329879855735,33.8596055630689,340099.0,72.1021556496525
Brunei,2003,15.8011866867578,1.72747847638813,3.58342909978997,19840.0,0.299999999999967,19.5950032207342,21.987880654086,346637.0,72.577635652792
Brunei,2004,12.2773884467857,1.31341824941979,0.104538372603315,22190.0,0.814223994682613,29.7156041447864,19.5879660530209,352911.0,73.0675067339261
Brunei,2005,-0.565048343311574,1.65985733716788,-0.00392531660746442,25670.0,1.24443711883965,36.4663919475782,16.1152698630712,358916.0,73.552870858133
Brunei,2006,3.72947721267469,0.69467610091788,4.09841257308588,30720.0,0.159888078345121,42.1863491609307,15.1721720330137,364663.0,74.0148299904911
Brunei,2007,2.002755398847,1.91806992225192,-3.76362326254647,33470.0,0.967774119525101,44.68,19.7540037479305,370873.0,74.4344860960786
Brunei,2008,1.75763562742917,1.39506580939608,-3.90071101715114,36700.0,2.08498023715415,46.0,20.641358896163,377793.0,74.7929411399737
Brunei,2009,4.98804440516251,2.73305999823298,-1.90025367202547,35470.0,1.03571774271613,49.0,26.2203911122241,384952.0,75.0712970872547
Brunei,2010,1.79958892918677,3.50710078835613,2.74136439456163,35370.0,0.356869132017561,53.0,23.6902575256773,392332.0,75.2506559029998
Brunei,2011,5.4109037917457,3.73105568458092,3.74440625524871,36520.0,0.13791156316954,56.0,26.0242928941481,399389.0,75.312125504778
Brunei,2012,8.6624786051031,4.54055753809902,0.913135189664487,41690.0,0.111766261400307,60.27310181,32.8821465207434,405557.0,75.2714233503027
Brunei,2013,6.03260396777068,4.28670084809197,-2.12478292664558,44580.0,0.389205053123632,64.5,39.5934116228483,411202.0,75.1756915148608
Brunei,2014,-3.71042112467114,3.35660901155102,-2.50788727590711,42370.0,-0.207108731719822,68.76999664,27.44181699276,416750.0,75.0572639801502
Brunei,2015,5.22836962304385,1.32471179544033,-0.392383749502031,38180.0,-0.488347420743522,71.19999695,35.2473258617273,422212.0,74.9484620568562
Brunei,2016,-1.31732853335123,-1.32059047324396,-2.47791771833224,32570.0,-0.278693265753083,90.0,34.6202628541232,427564.0,74.8816070556641
Brunei,2017,4.72336260592112,3.85818821585897,1.32872661057823,29230.0,-1.2605056462896,94.86669922,34.804760189414,432772.0,74.8476440654983
Brunei,2018,2.17754790548202,3.80486552830842,0.0523710418528935,28790.0,1.02505179290212,95.0,41.0665959296934,437810.0,74.8172471714305
Brunei,2019,6.05489002751258,2.77118007919324,3.86884436177075,31550.0,-0.390522069165529,95.0,38.6777534991209,442680.0,74.7923311783673
Brunei,2020,21.535969791503,4.71057565284031,1.1335733495246,30810.0,1.94031996607184,96.30549622,40.5878302733583,447404.0,74.7748108912151
Brunei,2021,5.55089873925077,1.47404982867232,-1.59076260099606,29890.0,1.73341388450593,97.62879944,31.2725676396553,451721.0,74.7667316936175
Brunei,2022,8.33096652576766,-1.73946797718401,-1.62833154515108,30970.0,3.68225030604216,98.97042579,25.8510429426901,455370.0,74.7772642014221
Brunei,2023,11.0541274684832,-0.37050451622702,1.12764418162719,34390.0,0.35706431153689,98.97039795,29.6282073672206,458949.0,74.8199193881365
Brunei,2024,5.32161859357294,0.189449066349964,4.05251709306727,36020.0,-0.388674165036461,96.29828801,27.8989646632704,462721.0,74.8983133873697
Cambodia,2000,4.9797381987855,3.20257592365608,9.99358032292079,290.0,-0.791992529473567,0.047022640068885,20.3442509411501,12462336.0,18.6242216655572
Cambodia,2001,4.27909232083945,3.53337669089546,7.38971065070517,310.0,-0.600648300123686,0.0769560555527296,20.2055208570396,12658484.0,18.7186818716995
Cambodia,2002,5.99031639781238,2.90934773211661,6.26507280509637,320.0,0.211466568022607,0.226983237666204,23.868414318253,12855241.0,18.803641734126
Cambodia,2003,9.13468836139893,1.61651685032136,10.2836813071691,370.0,0.94174611779921,0.260570197574002,24.0058224692333,13050968.0,18.8881765274479
Cambodia,2004,6.05390504345536,2.2337173477841,9.45769481103929,430.0,4.31933677434786,0.300436644360101,23.9729963521885,13244731.0,18.9813615262763
Cambodia,2005,13.4209359853042,5.36603852621255,13.3033338358455,510.0,6.61525912001587,0.317321781089656,24.3001536627765,13439202.0,19.0922720052225
Cambodia,2006,7.92009592855536,5.78657071926189,10.9433600681694,580.0,5.81068550464306,0.468400002,25.2476635792145,13639028.0,19.2299832388976
Cambodia,2007,7.43482113119818,8.56334609470361,10.398458101201,670.0,8.70882770568049,0.49,25.6914602814207,13841770.0,19.4035705019128
Cambodia,2008,12.7354497961963,6.69590818514056,7.47636606631011,780.0,24.096851930605,0.51,23.0800200013877,14053479.0,19.6574509865325
Cambodia,2009,1.11528862706638,7.42542554520067,4.07477850599065,840.0,-1.24171754189637,0.53,26.3323279290139,14276810.0,20.1979728726519
Cambodia,2010,9.27425483361671,10.169807189939,5.07691843229247,910.0,3.99639528107218,1.26,22.317490039603,14500726.0,21.1232251168762
Cambodia,2011,10.7540860169109,9.59845134883877,7.28665813879552,990.0,5.4784474961745,3.099999905,22.3677149230901,14722584.0,22.3824788531276
Cambodia,2012,6.03071917185325,11.1524912445112,7.65025657870362,1110.0,2.93431609293951,4.94,24.6712332656387,14945085.0,23.9411047582349
Cambodia,2013,6.80944030941306,10.4430587644193,7.8574997554252,1230.0,2.94162509547349,6.0,26.8520095001976,15170208.0,25.7644735090271
Cambodia,2014,5.40794543073638,8.40902020300656,8.00032074618566,1330.0,3.85568861424207,14.0,30.0126716073678,15396772.0,27.8179557823331
Cambodia,2015,5.68236198818258,7.54029662001984,7.20703472529512,1430.0,1.22393195511119,6.43319107021405,29.8714938168298,15623251.0,30.0669222549819
Cambodia,2016,4.57993951761237,9.32318507305764,7.90550116130704,1550.0,3.01913975139128,32.3984517141849,30.3850325759008,15852803.0,32.4767436038024
Cambodia,2017,6.67517339477158,9.49760203098743,8.07503915535979,1690.0,2.91263557371478,32.9002785437986,30.6334526919382,16073372.0,35.0127905056235
Cambodia,2018,5.47509797087133,9.69240300027112,8.77622376224463,1920.0,2.45908515380146,65.0,30.7394192448512,16274522.0,37.6404336372742
Cambodia,2019,3.38412497568179,9.98500044202808,7.93695013588524,2100.0,1.94257500833107,52.305878224498,31.3945541935104,16481304.0,39.5830241256026
Cambodia,2020,-1.88703200575925,10.410239809326,-3.55572193406549,2050.0,2.9402951426397,56.37590027,31.351227539335,16725474.0,39.832658030922
Cambodia,2021,-2.44454048632909,9.4684591111041,3.08984284148661,2120.0,2.92073477592949,60.76269913,30.3788112661952,16974305.0,40.1091858128847
Cambodia,2022,5.21899382362822,8.94830125779534,5.12990110773977,2270.0,5.34370264895437,65.49079895,34.5945264318735,17201724.0,40.374616187368
Cambodia,2023,4.57932638761778,9.35096701989758,5.00733043811898,2390.0,2.12746796594194,68.92549896,33.2944796211269,17423880.0,40.6290788072508
Cambodia,2024,2.39395038979875,9.48089832015712,6.0158145735202,2550.0,0.808042016536654,68.47530365,32.1861316004857,17638801.0,40.8727033252729
China,2000,11.7118299109767,3.43984725315719,8.57357328926101,950.0,0.347811226864587,1.77591320677415,33.6326827140045,1262645000.0,36.4320234662299
China,2001,7.2078438693799,3.47245235578959,8.32404695347056,1020.0,0.719125609120114,2.63965021485872,35.523858010134,1271850000.0,37.6597442626953
China,2002,9.33537082956984,3.56241418263928,9.23604870383861,1130.0,-0.731970902350244,4.59570433077551,36.0687816828708,1280400000.0,39.0897827148438
China,2003,6.3537039301879,3.43849537731211,10.1138119025242,1300.0,1.12760348729637,6.2,39.4280130265115,1288400000.0,40.5302314758301
China,2004,8.26374543458137,3.43299015092913,10.1404291872206,1530.0,3.82463743108159,7.3,41.6343741627493,1296075000.0,41.7600135803223
China,2005,11.1859125883576,4.49218509012467,11.4535130030645,1790.0,1.77641407667571,8.52325700269541,40.178086700104,1303720000.0,42.9899978637695
China,2006,10.3687489915944,4.44499743873593,12.6752842281595,2090.0,1.6494309945586,10.5231526193851,39.6897003482818,1311020000.0,44.3430099487305
China,2007,13.9019620132322,4.33537500236917,14.1507710506103,2550.0,4.81676767378834,16.0,40.2220879226288,1317885000.0,45.8892440795898
China,2008,8.91047291904839,3.67520717506325,9.66877608164454,3140.0,5.92525137041092,22.6,41.9607249432501,1324655000.0,46.9895057678223
China,2009,10.1259024061811,2.52538984334254,9.40610014336416,3740.0,-0.728165250932898,28.9,44.9282638913962,1331260000.0,48.3417053222656
China,2010,11.7154437946217,3.93541996731512,10.5916903885704,4410.0,3.17532475269199,34.3,46.1023443345586,1337705000.0,49.2340270628041
China,2011,15.0447370146863,3.65069190228423,9.46205248298186,5130.0,5.55389892257493,38.3,46.2703012824496,1345035000.0,51.8300285339355
China,2012,9.24912567008298,2.78099138181613,7.8578201481217,6010.0,2.61952432645541,42.30009842,45.8169211701107,1354190000.0,53.1003112792969
China,2013,8.92268072023641,2.98598708261986,7.77842954757257,6860.0,2.62105001748115,45.79999924,45.9224093546636,1363240000.0,54.4900016784668
China,2014,9.22369420884539,2.51155883670463,7.46100735778161,7600.0,1.92164162788521,47.90000153,45.3115352657107,1371860000.0,55.7502555847168
China,2015,8.79647626075936,2.14957284731563,6.98162255562367,8040.0,1.43702380935655,50.29999924,42.7349872564364,1379860000.0,57.3297843933105
China,2016,9.48691271656419,1.52539470315394,6.7736886867727,8360.0,2.00000182191943,53.2,42.1386166189127,1387790000.0,58.8399238586426
China,2017,9.17518016093987,1.32468971748482,6.89123916636191,8830.0,1.59313600071436,54.3,42.5497375507577,1396215000.0,60.2402687072754
China,2018,8.32243818058333,1.66361992284408,6.757806142324,9720.0,2.07479039965576,65.35839844,43.313827489682,1402760000.0,61.5001983642578
China,2019,5.6868312802211,1.28549226847992,6.06737806333672,10510.0,2.89923416358227,64.080881297515,42.6695374085222,1407745000.0,62.7099151611328
China,2020,-2.71158024795403,1.68770756292082,2.33950385203023,10740.0,2.41942189457782,70.05275998,42.5723735094229,1411100000.0,63.5234230266258
China,2021,13.1379813941195,1.8903454142588,8.57038414981781,12220.0,0.981015135544882,73.05323517,42.6822612949312,1412360000.0,64.721076965332
China,2022,1.49405307007524,1.03841365474349,3.13385438394069,13170.0,1.97357555739051,75.61131603,42.3554333470499,1412175000.0,65.2176361083984
China,2023,9.65440854328679,0.280991103634816,5.41600334492955,13750.0,0.234836828893051,90.6,41.1297102455381,1410710000.0,65.5301448035523
China,2024,5.01509972457532,0.227695125306895,4.95830378788091,13660.0,0.218128938439177,92.0,40.4815134449629,1408975000.0,65.8946980998325
India,2000,3.43958937687052,0.765211694280817,3.84099115686554,440.0,4.0094359104519,0.527532449930946,25.677316683955,1057922733.0,27.6470407512523
India,2001,5.95289739416627,1.05638020993358,4.82396626397303,450.0,3.77929312235637,0.660146377009928,29.9078889827325,1077898575.0,27.9028652096636
India,2002,2.87047855753082,1.01156946489919,3.80397532120038,460.0,4.29715203929562,1.53787558175083,30.2513001207186,1097600380.0,28.1756878910456
India,2003,5.92532039029332,0.605887857091792,7.86038147545045,510.0,3.80585899528853,1.68648997063625,30.8396999424416,1116803006.0,28.4660287698
India,2004,5.17112560012411,0.765596855110284,7.92293661307978,610.0,3.76725173477517,1.97613649190559,35.0964917017773,1135991513.0,28.7726067228528
India,2005,7.45569538780553,0.886098378458823,7.92343062131789,700.0,4.24634362031924,2.388099909,37.4282640165983,1154676322.0,29.0945497159107
India,2006,4.93577551194689,2.13016842534495,8.06073257305057,780.0,5.79652337561634,2.80549986534254,38.9985063717532,1172878890.0,29.4309857146804
India,2007,7.28156444495225,2.07339404668754,7.66081506510766,910.0,6.37288135593231,3.95,41.9507982267334,1190676021.0,29.7810426848684
India,2008,4.45219735697937,3.6205232354017,3.08669805950082,990.0,8.34926704907575,4.38,38.4224196528192,1207930964.0,30.1438485921815
India,2009,5.0007772532511,2.65159033235479,7.8618888330338,1110.0,10.8823529411764,5.12,39.2567917551336,1225524753.0,30.5185314023263
India,2010,6.72040849311021,1.6350340943491,8.49758470165625,1210.0,11.9893899204245,7.5,39.7856241847736,1243481564.0,30.9042190810094
India,2011,7.42198586934254,2.0020634629993,5.24131620024293,1350.0,8.9117933648336,10.07,39.590421855219,1261224954.0,31.2746502853309
India,2012,5.47085684358561,1.31293453035323,5.45638755164772,1460.0,9.47899691419793,11.10000038,38.3474156730403,1278674502.0,31.5898935604399
India,2013,7.3031774919065,1.5162764665975,6.38610640091713,1500.0,10.0178784746104,12.30000019,34.0231978997548,1295829511.0,31.9096789235237
India,2014,6.39385555921415,1.69565958990806,7.41022760516977,1540.0,6.66565671867899,13.5,34.2678056268836,1312277191.0,32.2288233408821
India,2015,7.92811112115082,2.09211521443253,7.99625378567987,1580.0,4.90697344127249,14.89999962,32.1167301358276,1328024498.0,32.5472990022299
India,2016,8.13012454478343,1.9373641224439,8.25630550176662,1670.0,4.94821634062134,16.5,30.172690580036,1343944296.0,32.8650780972823
India,2017,6.23880806412842,1.50731583255894,6.79538341902422,1790.0,3.32817337461305,18.20000076,30.9821728344733,1359657400.0,33.1821328157539
India,2018,7.08954662405942,1.55821483801456,6.45385134495295,1970.0,3.93882646691643,20.0813000379384,32.3432182154485,1374659064.0,33.4984353473598
India,2019,5.16880088871528,1.78482633957161,3.87143694070524,2070.0,3.72950573539123,29.52350044,30.0961975685688,1389030312.0,33.8139578818147
India,2020,-5.28945828710083,2.40620322673636,-5.77772470687303,1900.0,6.6234367762853,43.40544313,28.9223840080659,1402617695.0,34.1286726088333
India,2021,11.6767553444025,1.41217101040888,9.68959249191741,2170.0,5.13140747176364,49.2580986,32.1158221755014,1414203896.0,34.4425517181304
India,2022,7.47052937699435,1.53665241748393,7.6093649776932,2360.0,6.69903414079858,55.9,34.4117962357355,1425423212.0,34.7555673994206
India,2023,5.77925427513726,0.802254995836756,7.210224629335,2490.0,5.64914318907925,60.25230026,34.504684353812,1438069596.0,35.0676918424186
India,2024,5.79397834690285,0.721648483526777,7.09927893176518,2550.0,4.95303550973661,64.9434967,34.3459060404746,1450935791.0,35.3788972368389
Indonesia,2000,1.58304731646304,-2.75743993350903,4.9200677470169,570.0,3.68862037056682,0.925563864466858,22.2456969315568,216077790.0,41.9861540600656
Indonesia,2001,3.49413625120387,-1.85568619300523,3.64346644721492,700.0,11.5001160550887,2.01861385948459,22.539266316067,219097902.0,42.9018895186157
Indonesia,2002,3.83582035690569,0.0741516383181159,4.49947539085764,780.0,11.9001200338414,2.13413573295808,21.4040702075173,222088495.0,43.7824069030376
Indonesia,2003,3.89289335558507,-0.254256320381005,4.78036912167654,880.0,6.75731256333564,2.38701977959476,25.5984983869787,225048008.0,44.6301761521872
Indonesia,2004,4.96716786881504,0.738243979887563,5.03087394501685,1060.0,6.06406189133648,2.60028587633414,24.0563663747717,227926649.0,45.4476736441888
Indonesia,2005,3.95336562066377,2.91611483313067,5.69257130383384,1200.0,10.4532001873347,3.60202476259646,25.0814099389568,230871650.0,46.2373757571669
Indonesia,2006,3.17329260031525,1.34794264068931,5.50095178520348,1350.0,13.108670985346,4.76481313366657,25.4002172943548,233951652.0,47.0017588692457
Indonesia,2007,5.00674190790194,1.6030105718879,6.34502222667214,1570.0,6.40656087966005,5.78627472934199,24.9202838487256,237062337.0,47.7432993585496
Indonesia,2008,5.33615021871647,1.82632902403998,6.01370360009123,1900.0,10.2266663272483,7.917500019,27.8162445798583,240157903.0,48.4644736032029
Indonesia,2009,4.85894451165964,0.90391941965406,4.62887118256153,2110.0,4.38641311792074,6.92,30.9851924139981,243220028.0,49.16775798133
Indonesia,2010,4.73974198886131,2.02517914569356,6.22385418062366,2490.0,5.13420639015885,10.92,32.8801214533558,246305322.0,49.8521375148888
Indonesia,2011,5.06001921355895,2.30298429381592,6.16978420771008,2960.0,5.35604849112582,12.28,32.9843332593045,249470032.0,50.4830017089844
Indonesia,2012,5.51610677482559,2.30978031853073,6.03005065305615,3520.0,4.2795142691943,14.52,35.0715936108893,252698525.0,51.1593933105469
Indonesia,2013,5.47790527559351,2.55135633401058,5.5572636889101,3670.0,6.41249457900391,14.94,33.8313567879018,255852467.0,51.8307495117188
Indonesia,2014,5.28372537320206,2.81997260412102,5.006668425755,3570.0,6.39492882396559,17.1431598350566,34.6003439149803,258877399.0,52.5002136230469
Indonesia,2015,4.8414945238228,2.29761639380441,4.87632230022123,3390.0,6.36312061196646,22.062742603379,34.0627921803386,261799249.0,53.1720771789551
Indonesia,2016,5.04453523751019,0.487372471368879,5.03306918280177,3370.0,3.52580452815451,25.447353701827,33.8587393039462,264627418.0,53.812557220459
Indonesia,2017,4.98163572725232,2.01948919812582,5.06978590134916,3490.0,3.80879857691949,32.335806250688,33.7105947957751,267346658.0,54.4541015625
Indonesia,2018,5.13689124339334,1.81428979349441,5.17429153955024,3810.0,3.19834755924996,39.9046386385762,34.5705858319707,269951846.0,55.0956840515137
Indonesia,2019,5.16069921057434,2.23336204282241,5.01928768046282,4020.0,3.03058460941661,47.6906489788375,33.7801423773995,272489381.0,55.7382049560547
Indonesia,2020,-2.66609987603441,1.81058402027127,-2.06551182934165,3850.0,1.91983527270793,53.72649449,32.3434120537481,274814866.0,56.2785287648768
Indonesia,2021,2.00563849274586,1.7878556314554,3.70288562827751,4130.0,1.56007882983334,62.10447842,31.4488724858485,276758053.0,56.8761702464027
Indonesia,2022,4.95554987838472,1.87264100861425,5.30719722664799,4520.0,4.20946463714784,66.48461277,29.7453138212259,278830529.0,57.4934704226599
Indonesia,2023,4.94314697203188,1.57116966408747,5.04883117855516,4810.0,3.66938654859761,69.20836554,30.3426390629498,281190067.0,58.1179353397878
Indonesia,2024,5.11085982428132,1.73855290316368,5.03257477088519,4920.0,2.18151273615189,72.78075544,31.396316156558,283487931.0,58.7509635387997
Laos,2000,,1.95760389973722,5.79878232861959,280.0,25.0846414281315,0.111044032290124,13.41565795568,5431212.0,22.1840964350091
Laos,2001,19.3877677920869,1.35157901983042,5.75141287983195,300.0,7.81180794783471,0.181664460654566,13.5436071724261,5521482.0,23.3728884682287
Laos,2002,-1.19884815832779,0.253176893420544,5.91874368370564,310.0,10.6313446323333,0.267899241309349,29.0404231808259,5610889.0,24.5247834668291
Laos,2003,15.0742136153709,0.962969691363706,6.06700230344272,330.0,15.4893529233525,0.333912466428616,27.7715216255189,5697945.0,25.5945881340707
Laos,2004,10.6045456923067,0.714895049062071,6.35769548008234,380.0,10.4622667314208,0.361434490258043,31.754243509919,5781626.0,26.5371091732139
Laos,2005,6.85652011686328,1.01332132437858,7.10756836811267,450.0,7.16541759946639,0.850399971,34.0580868030095,5869523.0,27.3224977292697
Laos,2006,4.64225053884182,5.42138961728604,8.61926620832807,500.0,6.54559439052787,1.16989994,30.0695410386414,5963200.0,28.0378756242097
Laos,2007,0.502665440784995,7.66062749777557,7.59682880054878,600.0,4.66197269469701,1.64,32.312243033777,6056236.0,28.7343050001346
Laos,2008,17.0588337837966,4.18200303606929,7.82490276337012,740.0,7.62880887577516,3.55,31.68198579384,6148969.0,29.4034348148069
Laos,2009,4.2142490338378,5.45905949594973,7.50177491225853,880.0,0.141187674980385,6.0,33.9384705525426,6241642.0,30.0420311503825
Laos,2010,17.3830053335339,3.90935018167503,8.52690551739717,990.0,5.98254521550082,7.0,27.4624877401915,6334194.0,30.6468600890172
Laos,2011,3.20231109313569,3.43702755895922,8.03865268023725,1130.0,7.5689885610998,9.0,28.0678025249814,6426590.0,31.2146877128668
Laos,2012,14.8994602830988,6.06067602678934,8.02609843461283,1350.0,4.2551267783209,10.74769974,32.504255276611,6518978.0,31.7422801040872
Laos,2013,4.86869294144942,5.68624628337024,8.02630022699017,1590.0,6.37142717782947,12.5,30.6473220372757,6611385.0,32.2264033448341
Laos,2014,4.67058881700166,6.53385086120159,7.61196343979319,1810.0,4.12924306873771,14.26000023,29.8013514004447,6703172.0,32.6638235172635
Laos,2015,4.50422633939387,7.47075777292731,7.27006584373785,1960.0,1.27735427102992,18.20000076,31.556651604237,6801645.0,33.1240204432199
Laos,2016,4.53091349383099,5.87774436155716,7.02283625501138,2110.0,1.59691227583204,21.87000084,29.0076540961796,6908802.0,33.8267455533474
Laos,2017,,9.87799160512334,6.8925308726989,2240.0,0.825478607568026,25.51040077,,7018147.0,34.5115346444216
Laos,2018,,7.4856486219066,6.24796000755872,2460.0,2.04039266890201,36.27130127,,7128045.0,35.2050070032013
Laos,2019,,4.03149139231071,5.4577350924848,2520.0,3.32255881256925,47.03229904,,7237636.0,35.9072880879451
Laos,2020,,5.09807193491087,0.503031829018681,2470.0,5.10407262959919,54.0,,7346533.0,36.6185033569111
Laos,2021,,5.69344695957329,2.52835100486102,2500.0,3.75562036658877,62.0,,7453194.0,37.338778268357
Laos,2022,,4.69509225789707,2.70742652643155,2300.0,22.9562225132056,64.54000092,,7559007.0,38.0682382805397
Laos,2023,,11.2425630959408,3.74568140158232,2110.0,31.2301341732646,64.39800262,,7664993.0,38.8070088517156
Laos,2024,,5.98958863567394,4.13019264438475,2000.0,23.1305695942588,65.59269714,,7769819.0,39.5552154401406
Malaysia,2000,13.0284321549706,4.03842862393763,8.85886816969386,3490.0,1.53474023697699,21.3847311644538,26.8674891484592,22967816.0,61.9694564490726
Malaysia,2001,3.02742703231749,0.597029318252079,0.517675319192861,3570.0,1.41678473206098,26.6959725007084,24.398219973396,23526538.0,63.0180877676224
Malaysia,2002,3.87210415422716,3.16612432250471,5.39098830692797,3810.0,1.80787246281536,32.3382043389359,24.7773431485884,24102477.0,64.056368465184
Malaysia,2003,8.11346873840739,2.92094209456765,5.7884992858875,4170.0,1.08967632577286,34.9711523397291,22.7633850643195,24679602.0,65.0750932867555
Malaysia,2004,9.84907689179965,3.50787262049412,6.78343772370305,4720.0,1.42127115937402,42.2522656295248,23.0495646010531,25256772.0,66.0647889111941
Malaysia,2005,9.10930253139404,2.73438734940078,5.33213916141486,5240.0,2.97507092684449,48.6291702459839,22.3964178094036,25836071.0,67.0159820173565
Malaysia,2006,6.61023865518521,4.72716484834358,5.5848470671515,5790.0,3.60923564224389,51.6379889864403,22.7035242231695,26417909.0,67.9191992840997
Malaysia,2007,10.4438326008287,4.68684578287436,6.29878592740947,6560.0,2.02735317779569,55.7,23.4095349745995,26998389.0,68.7649673902807
Malaysia,2008,8.71934316713224,3.28081949125174,4.83176988913097,7420.0,5.44078221100769,55.8,21.4583043811993,27570059.0,69.5438130147565
Malaysia,2009,0.553880589333716,0.056692316075743,-1.51352871598714,7500.0,0.583308405623702,55.9,17.8356949570531,28124778.0,70.2462628363839
Malaysia,2010,6.86192061413064,4.26864663854031,7.42484738326097,8130.0,1.62285235577035,56.3,23.3865410976414,28655776.0,70.8625314831025
Malaysia,2011,6.86434996091751,5.07446032143377,5.29391283414003,8890.0,3.1744709215131,61.0,23.1882579658738,29162039.0,71.4245166681964
Malaysia,2012,8.3454078728834,2.82905738174529,5.47345419253853,9980.0,1.66357102479206,65.8,25.7486213670602,29662831.0,71.9680127926087
Malaysia,2013,7.24894837565304,3.49431175959971,4.69372252557893,10590.0,2.10501231233612,57.05751226,25.9371066959614,30174265.0,72.4882717118078
Malaysia,2014,6.97639355095627,3.14122940365348,6.00672194558203,10840.0,3.14299050879095,63.6654258813225,24.9776084262813,30696137.0,72.9802206910773
Malaysia,2015,6.01754166372075,3.27094402931735,5.09153242155011,10350.0,2.10438980238359,71.0640678111957,25.424263277142,31232798.0,73.4387869957006
Malaysia,2016,5.85118565859091,4.47130958598651,4.44978139761541,9800.0,2.09056659525742,78.7883099275229,25.9955119994004,31789685.0,73.8588978909614
Malaysia,2017,6.90826593695486,2.9358203805856,5.81272240983328,9560.0,3.87120115774237,80.1404790103961,25.5473434515187,32355644.0,74.2354806421432
Malaysia,2018,7.97993747640615,2.31458721219734,4.84308697634881,10200.0,0.884709160571235,81.2010486181174,23.8974199608763,32910967.0,74.5634625145296
Malaysia,2019,7.68768167459078,2.50697705748044,4.41318742129586,10750.0,0.662891865764326,84.1871450078281,21.0482403944815,33440596.0,74.8377707734042
Malaysia,2020,-3.94478420721832,1.20275464255821,-5.45684658426701,10110.0,-1.1387021539305,89.55501192,19.6580082281542,33889558.0,75.0511895575672
Malaysia,2021,1.78830923854719,5.41626377085161,3.31534954399166,10520.0,2.47710241465447,96.7514278,22.1257083996672,34282399.0,75.5088628191907
Malaysia,2022,11.4136615295312,3.68486215546291,9.03173723044451,11620.0,3.37869862549928,97.3986404,23.5862921622175,34695493.0,75.9741357073003
Malaysia,2023,4.61713172356333,1.97990062716743,3.5370638041057,11700.0,2.48886560125754,97.69272633,22.8017590224926,35126298.0,76.4434752105739
Malaysia,2024,5.10318975858846,3.6930953933026,5.10545921024041,11650.0,1.834100204499,98.0206059,21.9538831069426,35557673.0,76.9170296648992
Myanmar,2000,,2.86117768008645,13.7459305561226,190.0,-0.109165514668565,,,45290841.0,27.5346072708149
Myanmar,2001,,3.21565753506977,11.3439970699605,190.0,21.101305376923,0.000289277380848561,,45771139.0,27.7107064116875
Myanmar,2002,,2.22070502562137,12.0255134340315,170.0,57.0745112621703,0.00042649350636189,,46232653.0,27.8849700456368
Myanmar,2003,,2.3777576671811,13.8439968903798,190.0,36.5897175323924,0.0240641491408465,,46667192.0,28.0568026064444
Myanmar,2004,,2.0001628964787,13.5646616163416,230.0,4.53421374129692,0.024337392002823,,47068772.0,28.2256085278922
Myanmar,2005,,1.95966396539679,13.5689500216456,280.0,9.36861814196704,0.065200001,,47438365.0,28.390792243762
Myanmar,2006,,1.90182128285749,13.0761013792372,300.0,19.9964873359214,0.18204833106115,,47785135.0,28.5517581878355
Myanmar,2007,,3.5175166973129,11.9914352402146,360.0,35.0245970717698,0.217128445069958,,48125043.0,28.7079107938945
Myanmar,2008,,2.71127181000311,10.2553053929808,490.0,26.7995371934022,0.22,,48390793.0,28.8586544957208
Myanmar,2009,,2.92355415980151,10.5500090961932,660.0,1.47234311385647,0.219999999,,48660459.0,29.0033937270962
Myanmar,2010,,1.81897202342465,9.6344394520444,880.0,7.71838195873614,0.25,,49024382.0,29.1415329218024
Myanmar,2011,,4.20127651183029,5.59148237823661,1040.0,5.0214601462073,0.98,,49419820.0,29.2724765136213
Myanmar,2012,,2.22540068514517,7.33267044704149,1170.0,1.46758322674679,1.399999976,,49837446.0,29.3956289363345
Myanmar,2013,,3.74085607932619,8.42600102501767,1260.0,5.64303883425501,1.799999952,,50262658.0,29.5103946237239
Myanmar,2014,,3.31904421407388,8.16990745558277,1260.0,4.953299184844,7.400000095,,50681634.0,29.6164342116462
Myanmar,2015,,6.85124098710894,6.99284029026121,1230.0,9.45417189526018,10.89999962,,51089056.0,29.7166821191682
Myanmar,2016,,5.17880132517466,5.86247291518572,1230.0,6.92882525816076,16.0,,51495696.0,29.8129165582094
Myanmar,2017,,7.27335555212816,6.13610824360305,1230.0,4.5725365531752,23.621081950267,,51894938.0,29.9051727703437
Myanmar,2018,,2.60563229851106,6.26886221471075,1310.0,6.87232865662935,29.37899971,,52272247.0,29.993574050729
Myanmar,2019,,2.31211211194364,6.57911006765414,1380.0,8.82506696804558,36.54050064,,52640713.0,30.0782436945232
Myanmar,2020,,2.41393222885654,-9.04834717984643,1320.0,,45.4477005,,53016522.0,30.1593049968842
Myanmar,2021,,3.11492561696787,-12.0163724829177,1240.0,,,,53387102.0,30.2368812529698
Myanmar,2022,,1.98946076080719,4.0374934360085,1280.0,,,,53756787.0,30.311095757938
Myanmar,2023,,2.27715131661601,0.958446625126115,1220.0,,,,54133798.0,30.3820718069466
Myanmar,2024,,1.47879223317634,-0.97204641363362,1210.0,,,,54500091.0,30.4499084074136
Nepal,2000,,-0.00882425294523833,6.19999998192236,220.0,2.47882020709136,0.204651683653029,24.3148663462349,24546509.0,31.0994241803849
Nepal,2001,,0.347091875363344,4.79989214255407,230.0,2.6883037354563,0.240015303375743,22.3430462169922,24946748.0,32.808952331543
Nepal,2002,3.54872711717044,-0.0983748686510898,0.120143177369414,230.0,3.02939948714892,0.312956060108532,20.2462111730944,25328981.0,35.0358944291182
Nepal,2003,3.1594058668453,0.233443620739643,3.94503776051116,250.0,5.70700931874738,0.382810917017044,21.4093789298114,25688758.0,38.045308394296
Nepal,2004,0.968061082406635,-0.00573755737053384,4.68260325152944,280.0,2.8418113124898,0.449843651215974,24.5311495689792,26016656.0,41.6109470808194
Nepal,2005,4.69311244737978,0.030156295078659,3.47918104829496,300.0,6.83633265892877,0.82655126590551,26.4511581033301,26309458.0,45.5065633424317
Nepal,2006,5.40244847354062,-0.073509433259411,3.36461478056277,330.0,6.92033580707589,1.14138916388191,26.8519028137059,26565425.0,49.5059100328759
Nepal,2007,3.16517942887148,0.0556064154566332,3.41156027980276,370.0,2.26921924439074,1.41,28.6852507532697,26788492.0,53.3827400058951
Nepal,2008,1.27209213549465,0.00793215735192788,6.10463914373472,430.0,9.9078300530648,1.73,30.3156469991099,26990037.0,56.9108061152324
Nepal,2009,5.67058815594308,0.297715388957693,4.5330787246486,480.0,11.0948237386987,1.97,31.6743770945651,27173035.0,59.8638612146309
Nepal,2010,6.23237789727949,0.548294665887946,4.81641464694573,530.0,9.32650410745395,7.93,38.271206448162,27341952.0,62.0156581578338
Nepal,2011,0.57216486045462,0.435814930594323,3.42180870116162,620.0,9.2270754612596,9.0,27.8102444811636,27464494.0,63.139949798584
Nepal,2012,3.03522753070122,0.42369151125933,4.67014192446953,750.0,9.45980980357125,11.14929962,28.6027052424868,27534915.0,63.6558406194333
Nepal,2013,2.64822476891551,0.334712330597339,3.52515317129149,840.0,9.04016311917645,13.30000019,29.6766090182884,27589996.0,64.1314570156048
Nepal,2014,3.04372447842591,0.133746236524448,6.01148284250441,860.0,8.36415469659563,15.43999958,30.9860882254147,27672370.0,64.5640847098488
Nepal,2015,2.58270392081231,0.213029527712984,3.97605327162971,870.0,7.86890895590891,17.58160019,31.2774348228797,27823629.0,64.9510094249155
Nepal,2016,4.15585494861972,0.432212944008614,0.433113719381524,860.0,8.7903433200464,20.70000076,28.2409992005605,27955462.0,65.2895168835553
Nepal,2017,0.787375414689421,0.677439884182991,8.97727935643466,970.0,2.77703998300211,24.3,37.3250540069226,28011258.0,65.5768928085184
Nepal,2018,6.16983733198711,0.206157201926214,7.62237610397933,1120.0,4.40659410175714,28.60000038,39.5478003347409,28079689.0,65.8104229225551
Nepal,2019,8.13949293422344,0.542801979747667,6.65705543110468,1240.0,5.56616035243723,33.33660126,41.3787409098363,28414064.0,65.9873929484157
Nepal,2020,3.59606073485625,0.378739091402959,-2.3696206292072,1190.0,5.05635826238499,36.96530151,30.4402815093929,28966574.0,66.1050886088505
Nepal,2021,7.96695694723577,0.531690906776232,4.838149614115,1250.0,4.12676744440695,40.98910141,35.1635974648362,29475010.0,66.144235274522
Nepal,2022,6.83113486155,0.160405405048333,5.6313145568451,1380.0,7.6702057938028,45.45080185,37.6438482531547,29715436.0,66.2992968721053
Nepal,2023,0.717459928555613,0.18227214989517,1.98254843461849,1430.0,7.11587261530826,45.80680084,31.1493001530125,29694614.0,66.5432933453944
Nepal,2024,1.07018749790022,0.131412557108071,3.67787459697703,1480.0,4.6850965426577,46.32189941,28.6012768197284,29651054.0,66.772343163029
Philippines,2000,5.1971034622286,1.77722452613512,4.38250500083399,1150.0,3.9771250324928,1.98225319605827,15.684364157955,79625397.0,39.1384171397742
Philippines,2001,3.94228444566581,0.96298544393499,3.04923134463486,1140.0,5.34550195567142,2.52400566008269,18.9451758766766,81401488.0,39.5375185608843
Philippines,2002,5.0999819767227,2.09827504516588,3.71625500158383,1110.0,2.72277227722765,4.33227574643007,20.4591371369749,83068889.0,39.9553922931877
Philippines,2003,5.37956036447812,0.565263243432102,5.08691113513073,1150.0,2.28915662650607,4.85767226708512,19.5287356084063,84731835.0,40.3928506135438
Philippines,2004,5.9043923050591,0.623144777963454,6.56922851180626,1260.0,4.82921083627795,5.2436284521711,20.731007446127,86394504.0,40.8507057988121
Philippines,2005,4.44446756672711,1.54906009249231,4.94250511877678,1350.0,6.51685393258433,5.397600174,18.5665300720434,88015962.0,41.3297701258519
Philippines,2006,4.18240538515133,2.12091886479217,5.31641682136939,1470.0,5.4852320675105,5.74058632534702,16.0153377703844,89508986.0,41.8308558715226
Philippines,2007,4.80943140103017,1.87121245887706,6.51929155018938,1680.0,2.90000000000003,5.97,16.1286471132386,91075184.0,42.3470499959497
Philippines,2008,3.85261339981233,0.737800589215242,4.34448730509183,1970.0,8.26044703595725,6.22,18.9671469154789,92699095.0,43.1547492407016
Philippines,2009,2.53144892512296,1.17324821246427,1.44832306275669,2130.0,4.21903052064628,9.0,17.4317211991991,94384250.0,44.3356772609527
Philippines,2010,3.58979951143765,0.513698049517659,7.33449996034538,2310.0,3.78983634797591,25.0,20.4417711390659,96337125.0,45.5208176726647
Philippines,2011,5.55213421827969,0.856963002985963,3.85823282795663,2450.0,4.7184170471842,29.0,20.7399365678349,98248614.0,46.6833632464759
Philippines,2012,6.79897025840299,1.22763000703119,6.89695171050985,2780.0,3.02696391124796,30.79999924,19.5607279687897,100175512.0,47.9182784810426
Philippines,2013,5.81900321327258,1.31642638378197,6.75053130142255,3060.0,2.58268766141795,32.70000076,20.642224107669,102076336.0,49.1313688766206
Philippines,2014,5.78445518217687,1.92937522802216,6.34798748260867,3220.0,3.59782343864211,34.70000076,20.9239704373705,103767130.0,50.2392400212368
Philippines,2015,6.44457248501706,1.84018010717942,6.34830971672761,3280.0,0.674192536845408,36.90000153,21.3409478711064,105312992.0,51.1549047745227
Philippines,2016,7.14960846141666,2.59850803494211,7.14945675000752,3350.0,1.25369880080982,39.20000076,24.618503101685,106735719.0,51.9114748151175
Philippines,2017,5.95736650147924,3.12238778404896,6.9309883258402,3440.0,2.85318772590947,41.59999847,25.5587738639602,108119693.0,52.6010482354344
Philippines,2018,5.7652163744645,2.86833826070497,6.34148557153473,3610.0,5.30934661627707,44.09999847,27.1505820415621,109465287.0,53.2088897464754
Philippines,2019,5.86691454561243,2.30117498598294,6.11852566221303,3760.0,2.39206534422404,43.0266118680279,26.4018084647284,110804683.0,53.7157859948017
Philippines,2020,-7.95652927693801,1.88586363211171,-9.51829474045297,3350.0,2.3931623931624,53.76490021,17.4333790282876,112081264.0,54.1077719895977
Philippines,2021,4.21148693171874,3.04078855310045,5.71473313185116,3570.0,3.92718022100332,66.90779877,21.1407371483135,113100950.0,54.4504102510776
Philippines,2022,8.2885279450098,2.3475097233369,7.58098212785563,4010.0,5.82115811213955,75.21114422,24.6858616763102,113964338.0,54.7902343568327
Philippines,2023,5.53763778262835,2.04210354820336,5.51894967856043,4320.0,5.97802515541409,77.86699677,23.4061516161597,114891199.0,55.1242716168851
Philippines,2024,4.88001940936182,2.03571882251572,5.71474526128652,4470.0,3.21260487006347,67.26300914,23.6782004674363,115843670.0,55.4520983215477
Singapore,2000,13.5842852629109,16.1488904515269,9.03831632555163,23680.0,1.36162392448456,36.0,35.1740359977879,4027887.0,100.0
Singapore,2001,8.0664802167221,18.9398606857353,-1.07086275100448,22130.0,0.997197956155943,41.6704251756041,27.6094317950146,4138012.0,100.0
Singapore,2002,3.44865890234212,6.65366588247055,3.92336076702013,22000.0,-0.391676866585049,47.0,25.0736127933875,4175950.0,100.0
Singapore,2003,1.28317377980787,17.4624153696896,4.54825542643229,23440.0,0.507905300237551,53.8379432881911,17.2245248736318,4114826.0,100.0
Singapore,2004,5.25513678381672,21.2027237505542,9.93998268434957,26170.0,1.66272719863072,62.0,22.8924616706012,4166664.0,100.0
Singapore,2005,4.09592112463257,15.1133588478775,7.36632239250758,28830.0,0.425106276569107,61.0,21.506936250429,4265762.0,100.0
Singapore,2006,4.38507042201104,26.3271523046735,9.00676607871758,32550.0,0.965657519018511,59.0,22.3792634447668,4401365.0,100.0
Singapore,2007,7.0050279115494,26.1619888768056,9.02151951268893,36010.0,2.10980166714574,69.9,23.0659529090098,4588599.0,100.0
Singapore,2008,4.27628153922146,7.02328608228286,1.86348345462035,37230.0,6.63544058395309,69.0,30.1596763689779,4839396.0,100.0
Singapore,2009,-0.275748142574244,12.0710944143275,0.127953382778088,37320.0,0.589142019610516,69.0,27.3701152111674,4987573.0,100.0
Singapore,2010,4.35079681035553,23.0694716770802,14.5197497108994,44930.0,2.82884527612958,71.0,27.6582275190447,5076732.0,100.0
Singapore,2011,3.96067952631816,17.5960314065854,6.21493416858989,48250.0,5.25115624639373,71.0,26.6919943455279,5183688.0,100.0
Singapore,2012,3.72339640028119,18.7435244231802,4.43549759378537,51710.0,4.58084479423094,72.0,29.2629426703058,5312437.0,100.0
Singapore,2013,2.81529519382384,20.9344810446532,4.81763099120676,54470.0,2.36439793742726,80.90209961,29.9795021855415,5399162.0,100.0
Singapore,2014,3.60492223584663,21.8184880782679,3.93554027709007,56380.0,1.03316955857629,79.0292358633435,29.4300082792766,5469724.0,100.0
Singapore,2015,5.15033390828063,22.6541826890491,2.97679931634806,53160.0,-0.521975611895763,79.0129570025584,25.353193018866,5535002.0,100.0
Singapore,2016,3.21220360268634,20.3059406285478,3.91095306322606,53600.0,-0.529809760375464,84.4522678893074,26.3428829842065,5607283.0,100.0
Singapore,2017,3.33551111190478,29.5741008560154,4.32679370770501,55360.0,0.576763191179996,84.4522678893074,27.1803110118491,5612253.0,100.0
Singapore,2018,4.40891054240183,22.7862106121625,3.18660848474074,56440.0,0.438784215129623,88.1656360313447,24.6650062452141,5638676.0,100.0
Singapore,2019,3.55651819066453,28.1758142041642,1.15877947300108,58510.0,0.567829988405447,88.9492526850762,24.3414821182522,5703569.0,100.0
Singapore,2020,-13.671580919838,22.5843942948636,-3.61084281729929,56290.0,-0.172111865925382,92.00434653,22.930549192946,5685807.0,100.0
Singapore,2021,7.72076614576484,32.2624851402185,10.1410845197192,65540.0,2.31610315765146,96.92468156,24.1177810588483,5453566.0,100.0
Singapore,2022,10.1626659507397,28.0305519383786,4.01027884472296,68100.0,6.13095418919732,95.95386476,21.8791987960219,5637022.0,100.0
Singapore,2023,3.70712287497309,24.607056245637,1.45026775889565,69530.0,4.83372362825798,94.28518987,21.1305685622627,5917648.0,100.0
Singapore,2024,5.76228349936815,23.5787255966584,5.3435120192366,75820.0,2.38951123595017,94.37757178,21.8490850721263,6036860.0,100.0
Sri Lanka,2000,3.24418140973111,1.04207418020439,6.00003315828934,860.0,6.17627591012045,0.647410010940963,28.0392736849136,19293054.0,14.6196895000898
Sri Lanka,2001,0.844556847478287,1.09074720867871,-1.54540813366026,810.0,14.15845579912,0.793821864362622,22.0040128023487,19600362.0,14.5739539539707
Sri Lanka,2002,8.10680259831349,1.1882779089504,3.96467568513113,820.0,9.55103167007251,1.05042270585318,23.2890507211333,19805752.0,14.6107836754127
Sri Lanka,2003,8.30092270938691,1.21132740876657,5.9402690780223,910.0,6.31463787051174,1.45858022842408,22.0204689465055,19951521.0,14.7256630416211
Sri Lanka,2004,3.25557601884559,1.12667735136244,5.44506127885352,1030.0,7.57592582995856,1.44615998041486,25.2537615246688,20087605.0,14.9130061059922
Sri Lanka,2005,1.65108556500688,1.11612854301768,6.24174804376447,1170.0,11.6396860971118,1.792000055,26.8274555178569,20216524.0,15.167273918248
Sri Lanka,2006,6.54988196557522,1.6970072277349,7.66829190107919,1320.0,10.0201836057035,2.53756612897332,27.9799093470538,20352411.0,15.4829275281105
Sri Lanka,2007,3.93825565175763,1.8639738781084,6.79682611892866,1500.0,15.8421114924843,3.88,27.9521433553302,20492545.0,15.8544279853018
Sri Lanka,2008,7.51116906164384,1.84752962305149,5.95008814473897,1740.0,22.5644955300126,4.824500084,27.5523830555003,20629378.0,16.2762363395441
Sri Lanka,2009,0.937997022010521,0.960390452698523,3.53891205317842,1950.0,3.46496322106074,5.868500233,24.4338657450541,20756435.0,16.7428136405592
Sri Lanka,2010,,0.814446067583227,8.01596737040464,2360.0,6.2176488930462,6.912399769,,20879089.0,17.2486209380693
Sri Lanka,2011,,1.41088360151362,8.66948301160571,2830.0,6.7167684358854,7.956399918,,21009048.0,17.7881192817964
Sri Lanka,2012,,1.33591734742632,8.6321813769906,3340.0,7.54291373239437,9.00039959,,21169458.0,18.2617686748284
Sri Lanka,2013,,1.21148000059153,4.0517463303875,3630.0,6.90845034828452,10.04440022,,20585000.0,18.4323136480916
Sri Lanka,2014,,1.08277813405104,6.37797889684965,3810.0,3.1790022823606,10.5000026214106,,20778000.0,18.6153877203724
Sri Lanka,2015,,0.798746316666859,4.20595547501601,3920.0,3.76836783062096,15.26249981,34.2757988099064,20970000.0,18.796256612131
Sri Lanka,2016,2.88042260979221,1.01937184801285,5.05362488993089,4020.0,3.9588884659307,22.19,36.4530444585617,21209000.0,18.9747679368162
Sri Lanka,2017,-0.605096821460023,1.45462805110061,6.46068127080994,4220.0,7.70413767850602,25.07550049,39.7266305229837,21453000.0,19.1507693078088
Sri Lanka,2018,4.73307115290011,1.70888696252064,2.31008425504933,4350.0,2.135037737132,28.33620071,38.0567747749453,21670000.0,19.3241083384127
Sri Lanka,2019,3.82503089991239,0.835367460265196,-0.220483886824823,4220.0,3.52839358231811,32.02090073,34.1087160600384,21803000.0,19.4946326418437
Sri Lanka,2020,-5.76384880634521,0.514700553944402,-4.62451503712715,3880.0,6.15394508391738,36.18473435,32.871123147531,21919000.0,19.6621898312161
Sri Lanka,2021,2.69594333708876,0.668825708548416,4.2074764950026,4010.0,7.01478071238195,44.45308724,36.7330983743583,22156000.0,19.8266275195269
Sri Lanka,2022,1.19690603084923,1.19249322162632,-7.34919311146656,3620.0,49.7211021114327,48.3,27.2717494237454,22181000.0,19.9877933196367
Sri Lanka,2023,-1.02563842376145,0.848017076796717,-2.0289296690344,3550.0,16.5411742279832,51.2,24.2731934318829,22037000.0,20.1455348442463
Sri Lanka,2024,4.77848605862752,0.764077754153862,4.99241614398109,3870.0,-0.42936004906973,54.59,26.3467005241507,21916000.0,20.2996997058686
Thailand,2000,7.03729060637259,2.66312868727133,4.45524704335014,1980.0,1.59196917460972,3.68904127944164,22.2826056940878,63007815.0,31.4626212652205
Thailand,2001,5.89561853413096,4.21223509530842,3.44424900968372,1960.0,1.62690887314091,5.55632612097332,23.1124372100211,63651141.0,32.7428054763889
Thailand,2002,6.22194524439435,2.48815301889834,6.14903605210036,1980.0,0.697308976625449,7.53125033488567,22.7441937694577,64266437.0,34.0732781018222
Thailand,2003,7.3463145576018,3.43593984811892,7.18924330340971,2170.0,1.80434994635718,9.29902723805965,23.829298673817,64868166.0,35.4270354382579
Thailand,2004,7.42828696643301,3.38947495269123,6.28934214285795,2520.0,2.75914926231082,10.6773033237281,25.6814147024811,65452047.0,36.785516284484
Thailand,2005,4.2008626127683,4.33958708070528,4.18763842884337,2770.0,4.54036919634536,15.0260043588909,30.4207508630674,66017420.0,38.1301594392881
Thailand,2006,2.80089345388758,4.0212567065949,4.96781089246107,3070.0,4.63747436011764,17.1607147169285,27.0116433930542,66567687.0,39.4424037014582
Thailand,2007,1.19163701229097,3.28356939351343,5.43515169050809,3480.0,2.24154095286802,20.03,25.4960142904031,67102394.0,40.7036878697821
Thailand,2008,2.83342492754259,2.93824905393328,1.72569884866334,3900.0,5.46848949649846,18.2,28.2264349517752,67619830.0,41.8954507430475
Thailand,2009,-0.899216002255912,2.27590224065624,-0.690618232300579,4060.0,-0.845716092316721,20.1,20.6363983767118,68121080.0,42.9991311200422
Thailand,2010,5.45124306353435,4.32320928209171,7.51339053261624,4490.0,3.24758842443725,22.4,25.3566546340746,68579447.0,44.0018736622496
Thailand,2011,1.83395020601833,0.667087644548593,0.840132083053334,4840.0,3.81191694558332,23.669925618731,26.7914582468449,69007208.0,44.8048723557374
Thailand,2012,7.33269516857679,3.24456444314608,7.24279620249642,5400.0,3.00948610403357,26.46,28.0241657146011,69436098.0,45.373565813715
Thailand,2013,0.95407850320133,3.79126450872817,2.68749556320556,5580.0,2.18617704418967,28.94,27.4571011829666,69845114.0,45.8321343847773
Thailand,2014,0.533204479085697,1.22145318013998,0.984468863619426,5620.0,1.89455652481545,34.8860535783465,23.9190195478501,70216367.0,46.3138799467897
Thailand,2015,2.60425722214792,2.22468548959784,3.13404724911635,5560.0,-0.898143410569433,39.3161267365004,22.3556406383245,70540795.0,46.9521043776171
Thailand,2016,2.88087275079477,0.843364340718618,3.43515771692182,5550.0,0.186235191075453,47.5049656215909,21.1054892015174,70859841.0,47.8801095551247
Thailand,2017,3.08790780443007,1.81550260101987,4.1776810321001,5800.0,0.664415139830893,52.8919293439676,22.9342956887695,71160187.0,49.2311973571777
Thailand,2018,4.57410995654203,2.71279835138662,4.22287028746071,6430.0,1.06683487370758,56.8174809301456,25.2195901594439,71376079.0,54.5843734741211
Thailand,2019,3.96582951964726,1.01734877580041,2.11455779628278,7070.0,0.705524801910317,66.6524194587528,23.8147525746375,71522271.0,55.9266166687012
Thailand,2020,-0.781191628547944,-0.858310188764945,-6.09306312966953,6910.0,-0.846087518861799,77.84374066,23.7642761877022,71641484.0,57.2358779907227
Thailand,2021,0.60333771744618,3.04112326260094,1.55858232076893,7100.0,1.23104516549814,85.26956666,28.6772507306111,71727332.0,58.5087776184082
Thailand,2022,6.28791379018368,2.39157096115532,2.63784213566305,7220.0,6.07589952842433,87.97724503,27.8232930802592,71735329.0,59.742374420166
Thailand,2023,6.70137694577291,1.9975474592024,2.24883437970568,7210.0,1.22908986612448,89.53525238,22.3940359236883,71702435.0,60.9341926574707
Thailand,2024,4.41362215846812,2.70165281834265,2.94859986593323,7130.0,0.398333333333422,90.86718789,21.4528153883175,71668011.0,61.8689338391321
Vietnam,2000,3.07612331576182,4.16392407955693,6.78731640463151,390.0,-1.71033727851111,0.254248275754934,29.6099138223826,77154011.0,24.3672526919772
Vietnam,2001,4.47154917223386,3.97733545270572,6.19289331233377,410.0,-0.43154451172818,1.26565123612317,31.1727734549497,77969361.0,24.9489362725143
Vietnam,2002,7.62788794142246,3.99268705133996,6.32082099160833,430.0,3.83082838168468,1.85499923592581,33.2205344910613,78772224.0,25.5540925665659
Vietnam,2003,8.01066723769546,3.66601229989583,6.89906349055258,480.0,3.23464817293925,3.78028081370641,35.444857957463,79563777.0,26.1745407830283
Vietnam,2004,7.09426978865109,3.54408107288199,7.53641060890386,550.0,7.75494748709606,7.64240852842363,35.46533166878,80338971.0,26.8021001307977
Vietnam,2005,7.25864233918547,3.39040363930871,7.54724772895918,650.0,8.28457243128667,12.7399292907031,33.7574028912441,81088313.0,27.4285898187702
Vietnam,2006,7.46578070409471,3.61600090432522,6.97795481056711,740.0,7.41801715108469,17.2545617186662,34.5366510764767,82167897.0,28.0458290558422
Vietnam,2007,9.77961143775856,8.65471771434805,7.12950448605439,860.0,8.34444889773847,20.7554447679753,39.5662708970146,83633375.0,28.6456370509099
Vietnam,2008,7.66841225622639,9.6630390545572,5.66177120891362,1000.0,23.1154483474477,23.92,36.4931217965814,85175788.0,29.2198330128693
Vietnam,2009,2.25205797242585,7.16881988884276,5.39789754014181,1120.0,6.71698269988631,26.55,37.1625554335215,86460018.0,29.7581347355675
Vietnam,2010,8.18622913917879,5.4347392933443,6.42324482239482,1370.0,9.20746648778413,30.65,37.0990761715168,87455152.0,30.2504027258526
Vietnam,2011,5.32000000000072,4.30487434902161,6.41316889681683,1630.0,18.6777322770706,35.07,32.3711434429224,88468314.0,30.6996041680996
Vietnam,2012,4.89000000000379,4.27832287681174,5.5045447041189,1980.0,9.09470339557193,36.79999924,30.5592897696566,89510356.0,31.1222779403029
Vietnam,2013,5.20000000000005,4.16454517277325,5.55351081026072,2200.0,6.59267475899192,38.5,30.2129034609593,90573104.0,31.5334201724543
Vietnam,2014,6.27999999999732,3.94086189051961,6.42224312118567,2390.0,4.08455446637625,41.0,30.2890267860991,91679578.0,31.9480269945454
Vietnam,2015,8.78999999999976,4.93190773329022,6.98715430598611,2460.0,0.631200905175685,45.0,32.1089158178217,92823254.0,32.3810945365679
Vietnam,2016,6.44999999999997,4.90089302916746,6.69000892660424,2560.0,2.66824816969082,53.0,31.7245390951042,94000117.0,32.8476189285136
Vietnam,2017,7.19999999999976,5.01148721749681,6.94019037359206,2680.0,3.52025688811618,58.1400000036297,32.305300920099,95176977.0,33.3625963003742
Vietnam,2018,6.90000000000065,4.99828319622328,7.46500685572751,3020.0,3.53962805942641,69.8479286837965,32.019502902433,96237319.0,33.9410227821412
Vietnam,2019,7.02000000000076,4.821074861051,7.35926270105006,3290.0,2.79582367452244,68.6615802057338,31.9799606565797,97173776.0,34.6239134999511
Vietnam,2020,0.37999999999829,4.55836196782424,2.86541320912272,3400.0,3.22093436652515,70.30000012,31.915688393806,98079191.0,35.5706676299742
Vietnam,2021,2.17045195694669,4.27314566190187,2.55372852648131,3540.0,1.83471554810462,74.20999985,32.8956023366901,98935098.0,36.6540656426603
Vietnam,2022,7.88000002158932,4.32947308910883,8.53750041218142,3980.0,3.15650749963112,78.58999918,32.3404994444961,99680655.0,37.5478515625
Vietnam,2023,3.07350075446038,4.26458856546888,4.97865959483225,4140.0,3.25289282667662,78.08,31.6683495522758,100352192.0,38.1298904418945
Vietnam,2024,6.69700767124095,4.23450755062236,7.03955197123018,4490.0,3.62109273885844,84.15,30.5847264337631,100987686.0,38.4900703430176
